Workbook

Sheet Summary
D2: INSTRUCTIONS:
D3: Input information regarding your design in the blue columns. The second table (right) uses importance factors (scale 1 to 5, where 1 is low and 5 is high) to determine the most efficient design. Fill in the orange box by selecting the design corresponding to the minimum value.
D7: DESIGN | E7: Length of members | F7: Cost of members | G7: Number of nodes | H7: Cost of Nodes | I7: Total Construction Cost | J7: Mass (g) | K7: Displacement [in] | M7: DESIGN | N7: Displacements [in] | O7: 5000 | P7: Cost [$] | Q7: 2 | R7: Mass (g) | S7: 10 | T7: TOTAL
D8: GS | E8: ='Ground Structure'!E9 -> 2660 | F8: =E8 -> 2660 | G8: ='Ground Structure'!G9 -> 112 | H8: ='Ground Structure'!H9 -> 560 | I8: ='Ground Structure'!J9 -> 3221 | J8: ='Ground Structure'!K9 -> 349.6 | K8: ='Ground Structure'!L9 -> 0.25 | M8: =D8 -> GS | N8: =K8 -> 0.25 | O8: =N8*$O$7 -> 1250 | P8: =I8 -> 3221 | Q8: =P8*$Q$7 -> 6442 | R8: =J8 -> 349.6 | S8: =R8*$S$7 -> 3496 | T8: =O8+Q8+S8 -> 11188
D9: 2 | E9: ='Iteration 2'!E9 -> 0 | F9: =E9 -> 0 | G9: ='Iteration 2'!G9 -> 0 | H9: ='Iteration 2'!H9 -> 0 | I9: ='Iteration 2'!J9 -> 0 | J9: ='Iteration 2'!K9 -> 0 | K9: ='Iteration 2'!L9 -> 0 | M9: =D9 -> 2 | N9: =K9 -> 0 | O9: =N9*$O$7 -> 0 | P9: =I9 -> 0 | Q9: =P9*$Q$7 -> 0 | R9: =J9 -> 0 | S9: =R9*$S$7 -> 0 | T9: =O9+Q9+S9 -> 0
D10: 3 | E10: ='Iteration 3'!E9 -> 0 | F10: =E10 -> 0 | G10: ='Iteration 3'!G9 -> 0 | H10: ='Iteration 3'!H9 -> 0 | I10: ='Iteration 3'!J9 -> 0 | J10: ='Iteration 3'!K9 -> 0 | K10: ='Iteration 3'!L9 -> 0 | M10: =D10 -> 3 | N10: =K10 -> 0 | O10: =N10*$O$7 -> 0 | P10: =I10 -> 0 | Q10: =P10*$Q$7 -> 0 | R10: =J10 -> 0 | S10: =R10*$S$7 -> 0 | T10: =O10+Q10+S10 -> 0
D11: =D10+1 -> 4 | E11: ='Iteration 4'!E9 -> 0 | F11: =E11 -> 0 | G11: ='Iteration 4'!G9 -> 0 | H11: ='Iteration 4'!H9 -> 0 | I11: ='Iteration 4'!J9 -> 0 | J11: ='Iteration 4'!K9 -> 0 | K11: ='Iteration 4'!L9 -> 0 | M11: =D11 -> 4 | N11: =K11 -> 0 | O11: =N11*$O$7 -> 0 | P11: =I11 -> 0 | Q11: =P11*$Q$7 -> 0 | R11: =J11 -> 0 | S11: =R11*$S$7 -> 0 | T11: =O11+Q11+S11 -> 0
D12: =D11+1 -> 5 | E12: ='Iteration 5'!E9 -> 0 | F12: =E12 -> 0 | G12: ='Iteration 5'!G9 -> 0 | H12: ='Iteration 5'!H9 -> 0 | I12: ='Iteration 5'!J9 -> 0 | J12: ='Iteration 5'!K9 -> 0 | K12: ='Iteration 5'!L9 -> 0 | M12: =D12 -> 5 | N12: =K12 -> 0 | O12: =N12*$O$7 -> 0 | P12: =I12 -> 0 | Q12: =P12*$Q$7 -> 0 | R12: =J12 -> 0 | S12: =R12*$S$7 -> 0 | T12: =O12+Q12+S12 -> 0
D13: =D12+1 -> 6 | E13: ='Iteration 6'!E9 -> 0 | F13: =E13 -> 0 | G13: ='Iteration 6'!G9 -> 0 | H13: ='Iteration 6'!H9 -> 0 | I13: ='Iteration 6'!J9 -> 0 | J13: ='Iteration 6'!K9 -> 0 | K13: ='Iteration 6'!L9 -> 0 | M13: =D13 -> 6 | N13: =K13 -> 0 | O13: =N13*$O$7 -> 0 | P13: =I13 -> 0 | Q13: =P13*$Q$7 -> 0 | R13: =J13 -> 0 | S13: =R13*$S$7 -> 0 | T13: =O13+Q13+S13 -> 0
D14: =D13+1 -> 7 | E14: ='Iteration 7'!E9 -> 0 | F14: =E14 -> 0 | G14: ='Iteration 7'!G9 -> 0 | H14: ='Iteration 7'!H9 -> 0 | I14: ='Iteration 7'!J9 -> 0 | J14: ='Iteration 7'!K9 -> 0 | K14: ='Iteration 7'!L9 -> 0 | M14: =D14 -> 7 | N14: =K14 -> 0 | O14: =N14*$O$7 -> 0 | P14: =I14 -> 0 | Q14: =P14*$Q$7 -> 0 | R14: =J14 -> 0 | S14: =R14*$S$7 -> 0 | T14: =O14+Q14+S14 -> 0
D15: =D14+1 -> 8 | E15: ='Iteration 8'!E9 -> 0 | F15: =E15 -> 0 | G15: ='Iteration 8'!G9 -> 0 | H15: ='Iteration 8'!H9 -> 0 | I15: ='Iteration 8'!J9 -> 0 | J15: ='Iteration 8'!K9 -> 0 | K15: ='Iteration 8'!L9 -> 0 | M15: =D15 -> 8 | N15: =K15 -> 0 | O15: =N15*$O$7 -> 0 | P15: =I15 -> 0 | Q15: =P15*$Q$7 -> 0 | R15: =J15 -> 0 | S15: =R15*$S$7 -> 0 | T15: =O15+Q15+S15 -> 0
D16: =D15+1 -> 9 | E16: ='Iteration 9'!E9 -> 0 | F16: =E16 -> 0 | G16: ='Iteration 9'!G9 -> 0 | H16: ='Iteration 9'!H9 -> 0 | I16: ='Iteration 9'!J9 -> 0 | J16: ='Iteration 9'!K9 -> 0 | K16: ='Iteration 9'!L9 -> 0 | M16: =D16 -> 9 | N16: =K16 -> 0 | O16: =N16*$O$7 -> 0 | P16: =I16 -> 0 | Q16: =P16*$Q$7 -> 0 | R16: =J16 -> 0 | S16: =R16*$S$7 -> 0 | T16: =O16+Q16+S16 -> 0
D17: =D16+1 -> 10 | E17: ='Iteration 10'!E9 -> 0 | F17: =E17 -> 0 | G17: ='Iteration 10'!G9 -> 0 | H17: ='Iteration 10'!H9 -> 0 | I17: ='Iteration 10'!J9 -> 0 | J17: ='Iteration 10'!K9 -> 0 | K17: ='Iteration 10'!L9 -> 0 | M17: =D17 -> 10 | N17: =K17 -> 0 | O17: =N17*$O$7 -> 0 | P17: =I17 -> 0 | Q17: =P17*$Q$7 -> 0 | R17: =J17 -> 0 | S17: =R17*$S$7 -> 0 | T17: =O17+Q17+S17 -> 0
S18: Final Design: | U18: =MIN(T8:T17) -> 0
V20: <- Select final design with the corresponding minimum value

Sheet Ground Structure
D2: INSTRUCTIONS:
D3: Input information regarding your design in the blue columns. The second table (right) uses importance factors (scale 1 to 5, where 1 is low and 5 is high) to determine the most efficient design.
O7: Importance Factor | Q7: Importance Factor | S7: Importance Factor
D8: DESIGN | E8: Length of members | F8: Cost of members | G8: Number of nodes | H8: Cost of Nodes | I8: Cost of Testing | J8: Total Construction Cost | K8: Mass (g) | L8: Displacement [cm] | N8: DESIGN | O8: Displacements [cm] | P8: 5000 | Q8: Cost [$] | R8: 2 | S8: Mass (g) | T8: 10 | U8: TOTAL
D9: 1 | E9: =G19 -> 2660 | F9: =E9 -> 2660 | G9: =L12+L13+(2*L14)+L15+(2*L16) -> 112 | H9: =G9*5 -> 560 | I9: =U14 -> 1 | J9: =F9+H9+I9 -> 3221 | K9: =J19+O17 -> 349.6 | L9: 0.25 | N9: =D9 -> 1 | O9: =L9 -> 0.25 | P9: =O9*$P$8 -> 1250 | Q9: =J9 -> 3221 | R9: =Q9*$R$8 -> 6442 | S9: =K9 -> 349.6 | T9: =S9*$T$8 -> 3496 | U9: =P9+R9+T9 -> 11188
D11: Number | E11: Member Color | F11: Length Each | G11: Total length | H11: Mass Each | J11: Mass Total | L11: Number | M11: Connector Color | N11: Mass Each | O11: Total Mass | P11: Number of Connections | R11: Times testing this model | S11: Testing Method | T11: Cost Each | U11: Total Cost
D12: 0 | E12: Black | F12: 1.5 | G12: =D12*F12 -> 0 | H12: 0.1 | J12: =D12*H12 -> 0 | L12: 0 | M12: Black | N12: 0.9 | O12: =L12*N12 -> 0 | P12: 1 | R12: 1 | S12: Mastan | T12: 1 | U12: =R12*T12 -> 1
D13: 0 | E13: Yellow | F13: 2.5 | G13: =D13*F13 -> 0 | H13: 0.3 | J13: =D13*H13 -> 0 | L13: 0 | M13: Yellow | N13: 0.5 | O13: =L13*N13 -> 0 | P13: 1 | R13: 0 | S13: Physical | T13: 1000 | U13: =R13*T13 -> 0
D14: 0 | E14: Gray | F14: 6.5 | G14: =D14*F14 -> 0 | H14: 0.5 | J14: =D14*H14 -> 0 | L14: 56 | M14: Gray | N14: 1.7 | O14: =L14*N14 -> 95.2 | P14: 2 | U14: =U12+U13 -> 1
D15: 0 | E15: Red | F15: 6.5 | G15: =D15*F15 -> 0 | H15: 0.7 | J15: =D15*H15 -> 0 | L15: 0 | M15: Red | N15: 0.8 | O15: =L15*N15 -> 0 | P15: 1
D16: 118 | E16: Purple | F16: 9.5 | G16: =D16*F16 -> 1121 | H16: 0.9 | J16: =D16*H16 -> 106.2 | L16: 0 | M16: Blue | N16: 1.3 | O16: =L16*N16 -> 0 | P16: 2
D17: 114 | E17: Blue | F17: 13.5 | G17: =D17*F17 -> 1539 | H17: 1.3 | J17: =D17*H17 -> 148.2 | N17: Total | O17: =SUM(O10:O16) -> 95.2
D18: 0 | E18: Orange | F18: 20 | G18: =D18*F18 -> 0 | H18: 1.9 | J18: =D18*H18 -> 0
F19: Total | G19: =SUM(G12:G18) -> 2660 | J19: =SUM(J12:J18) -> 254.4

Sheet Iteration 2
D2: INSTRUCTIONS:
D3: Input information regarding your design in the blue columns. The second table (right) uses importance factors (scale 1 to 5, where 1 is low and 5 is high) to determine the most efficient design.
O7: Importance Factor | Q7: Importance Factor | S7: Importance Factor
D8: DESIGN | E8: Length of members | F8: Cost of members | G8: Number of nodes | H8: Cost of Nodes | I8: Cost of Testing | J8: Total Construction Cost | K8: Mass (g) | L8: Displacement [cm] | N8: DESIGN | O8: Displacements [cm] | P8: 5000 | Q8: Cost [$] | R8: 2 | S8: Mass (g) | T8: 10 | U8: TOTAL
D9: 2 | E9: =G19 -> 0 | F9: =E9 -> 0 | G9: =L12+L13+(2*L14)+L15+(2*L16) -> 0 | H9: =G9*5 -> 0 | I9: =U14 -> 0 | J9: =F9+H9+I9 -> 0 | K9: =J19+O17 -> 0 | L9: 0 | N9: =D9 -> 2 | O9: =L9 -> 0 | P9: =O9*$P$8 -> 0 | Q9: =J9 -> 0 | R9: =Q9*$R$8 -> 0 | S9: =K9 -> 0 | T9: =S9*$T$8 -> 0 | U9: =P9+R9+T9 -> 0
D11: Number | E11: Member Color | F11: Length Each | G11: Total length | H11: Mass Each | J11: Mass Total | L11: Number | M11: Connector Color | N11: Mass Each | O11: Total Mass | P11: Number of Connections | R11: Times testing this model | S11: Testing Method | T11: Cost Each | U11: Total Cost
D12: 0 | E12: Black | F12: 1.5 | G12: =D12*F12 -> 0 | H12: 0.1 | J12: =D12*H12 -> 0 | L12: 0 | M12: Black | N12: 0.9 | O12: =L12*N12 -> 0 | P12: 1 | R12: 0 | S12: Mastan | T12: 1 | U12: =R12*T12 -> 0
D13: 0 | E13: Yellow | F13: 2.5 | G13: =D13*F13 -> 0 | H13: 0.3 | J13: =D13*H13 -> 0 | L13: 0 | M13: Yellow | N13: 0.5 | O13: =L13*N13 -> 0 | P13: 1 | R13: 0 | S13: Physical | T13: 1000 | U13: =R13*T13 -> 0
D14: 0 | E14: Gray | F14: 6.5 | G14: =D14*F14 -> 0 | H14: 0.5 | J14: =D14*H14 -> 0 | L14: 0 | M14: Gray | N14: 1.7 | O14: =L14*N14 -> 0 | P14: 2 | U14: =U12+U13 -> 0
D15: 0 | E15: Red | F15: 6.5 | G15: =D15*F15 -> 0 | H15: 0.7 | J15: =D15*H15 -> 0 | L15: 0 | M15: Red | N15: 0.8 | O15: =L15*N15 -> 0 | P15: 1
D16: 0 | E16: Purple | F16: 9.5 | G16: =D16*F16 -> 0 | H16: 0.9 | J16: =D16*H16 -> 0 | L16: 0 | M16: Blue | N16: 1.3 | O16: =L16*N16 -> 0 | P16: 2
D17: 0 | E17: Blue | F17: 13.5 | G17: =D17*F17 -> 0 | H17: 1.3 | J17: =D17*H17 -> 0 | N17: Total | O17: =SUM(O10:O16) -> 0
D18: 0 | E18: Orange | F18: 20 | G18: =D18*F18 -> 0 | H18: 1.9 | J18: =D18*H18 -> 0
F19: Total | G19: =SUM(G12:G18) -> 0 | J19: =SUM(J12:J18) -> 0

Sheet Iteration 3
D2: INSTRUCTIONS:
D3: Input information regarding your design in the blue columns. The second table (right) uses importance factors (scale 1 to 5, where 1 is low and 5 is high) to determine the most efficient design.
O7: Importance Factor | Q7: Importance Factor | S7: Importance Factor
D8: DESIGN | E8: Length of members | F8: Cost of members | G8: Number of nodes | H8: Cost of Nodes | I8: Cost of Testing | J8: Total Construction Cost | K8: Mass (g) | L8: Displacement [cm] | N8: DESIGN | O8: Displacements [cm] | P8: 5000 | Q8: Cost [$] | R8: 2 | S8: Mass (g) | T8: 10 | U8: TOTAL
D9: 3 | E9: =G19 -> 0 | F9: =E9 -> 0 | G9: =L12+L13+(2*L14)+L15+(2*L16) -> 0 | H9: =G9*5 -> 0 | I9: =U14 -> 0 | J9: =F9+H9+I9 -> 0 | K9: =J19+O17 -> 0 | L9: 0 | N9: =D9 -> 3 | O9: =L9 -> 0 | P9: =O9*#REF! -> #REF! | Q9: =J9 -> 0 | R9: =Q9*#REF! -> #REF! | S9: =K9 -> 0 | T9: =S9*$W$8 -> 0 | U9: =P9+R9+T9 -> #REF!
D11: Number | E11: Member Color | F11: Length Each | G11: Total length | H11: Mass Each | J11: Mass Total | L11: Number | M11: Connector Color | N11: Mass Each | O11: Total Mass | P11: Number of Connections | R11: Times testing this model | S11: Testing Method | T11: Cost Each | U11: Total Cost
D12: 0 | E12: Black | F12: 1.5 | G12: =D12*F12 -> 0 | H12: 0.1 | J12: =D12*H12 -> 0 | L12: 0 | M12: Black | N12: 0.9 | O12: =L12*N12 -> 0 | P12: 1 | R12: 0 | S12: Mastan | T12: 1 | U12: =R12*T12 -> 0
D13: 0 | E13: Yellow | F13: 2.5 | G13: =D13*F13 -> 0 | H13: 0.3 | J13: =D13*H13 -> 0 | L13: 0 | M13: Yellow | N13: 0.5 | O13: =L13*N13 -> 0 | P13: 1 | R13: 0 | S13: Physical | T13: 1000 | U13: =R13*T13 -> 0
D14: 0 | E14: Gray | F14: 6.5 | G14: =D14*F14 -> 0 | H14: 0.5 | J14: =D14*H14 -> 0 | L14: 0 | M14: Gray | N14: 1.7 | O14: =L14*N14 -> 0 | P14: 2 | U14: =U12+U13 -> 0
D15: 0 | E15: Red | F15: 6.5 | G15: =D15*F15 -> 0 | H15: 0.7 | J15: =D15*H15 -> 0 | L15: 0 | M15: Red | N15: 0.8 | O15: =L15*N15 -> 0 | P15: 1
D16: 0 | E16: Purple | F16: 9.5 | G16: =D16*F16 -> 0 | H16: 0.9 | J16: =D16*H16 -> 0 | L16: 0 | M16: Blue | N16: 1.3 | O16: =L16*N16 -> 0 | P16: 2
D17: 0 | E17: Blue | F17: 13.5 | G17: =D17*F17 -> 0 | H17: 1.3 | J17: =D17*H17 -> 0 | N17: Total | O17: =SUM(O10:O16) -> 0
D18: 0 | E18: Orange | F18: 20 | G18: =D18*F18 -> 0 | H18: 1.9 | J18: =D18*H18 -> 0
F19: Total | G19: =SUM(G12:G18) -> 0 | J19: =SUM(J12:J18) -> 0

Sheet Iteration 4
D2: INSTRUCTIONS:
D3: Input information regarding your design in the blue columns. The second table (right) uses importance factors (scale 1 to 5, where 1 is low and 5 is high) to determine the most efficient design.
O7: Importance Factor | Q7: Importance Factor | S7: Importance Factor
D8: DESIGN | E8: Length of members | F8: Cost of members | G8: Number of nodes | H8: Cost of Nodes | I8: Cost of Testing | J8: Total Construction Cost | K8: Mass (g) | L8: Displacement [cm] | N8: DESIGN | O8: Displacements [cm] | P8: 5000 | Q8: Cost [$] | R8: 2 | S8: Mass (g) | T8: 10 | U8: TOTAL
D9: 4 | E9: =G19 -> 0 | F9: =E9 -> 0 | G9: =L12+L13+(2*L14)+L15+(2*L16) -> 0 | H9: =G9*5 -> 0 | I9: =U14 -> 0 | J9: =F9+H9+I9 -> 0 | K9: =J19+O17 -> 0 | L9: 0 | N9: =D9 -> 4 | O9: =L9 -> 0 | P9: =O9*$P$8 -> 0 | Q9: =J9 -> 0 | R9: =Q9*$R$8 -> 0 | S9: =K9 -> 0 | T9: =S9*$T$8 -> 0 | U9: =P9+R9+T9 -> 0
D11: Number | E11: Member Color | F11: Length Each | G11: Total length | H11: Mass Each | J11: Mass Total | L11: Number | M11: Connector Color | N11: Mass Each | O11: Total Mass | P11: Number of Connections | R11: Times testing this model | S11: Testing Method | T11: Cost Each | U11: Total Cost
D12: 0 | E12: Black | F12: 1.5 | G12: =D12*F12 -> 0 | H12: 0.1 | J12: =D12*H12 -> 0 | L12: 0 | M12: Black | N12: 0.9 | O12: =L12*N12 -> 0 | P12: 1 | R12: 0 | S12: Mastan | T12: 1 | U12: =R12*T12 -> 0
D13: 0 | E13: Yellow | F13: 2.5 | G13: =D13*F13 -> 0 | H13: 0.3 | J13: =D13*H13 -> 0 | L13: 0 | M13: Yellow | N13: 0.5 | O13: =L13*N13 -> 0 | P13: 1 | R13: 0 | S13: Physical | T13: 1000 | U13: =R13*T13 -> 0
D14: 0 | E14: Gray | F14: 6.5 | G14: =D14*F14 -> 0 | H14: 0.5 | J14: =D14*H14 -> 0 | L14: 0 | M14: Gray | N14: 1.7 | O14: =L14*N14 -> 0 | P14: 2 | U14: =U12+U13 -> 0
D15: 0 | E15: Red | F15: 6.5 | G15: =D15*F15 -> 0 | H15: 0.7 | J15: =D15*H15 -> 0 | L15: 0 | M15: Red | N15: 0.8 | O15: =L15*N15 -> 0 | P15: 1
D16: 0 | E16: Purple | F16: 9.5 | G16: =D16*F16 -> 0 | H16: 0.9 | J16: =D16*H16 -> 0 | L16: 0 | M16: Blue | N16: 1.3 | O16: =L16*N16 -> 0 | P16: 2
D17: 0 | E17: Blue | F17: 13.5 | G17: =D17*F17 -> 0 | H17: 1.3 | J17: =D17*H17 -> 0 | N17: Total | O17: =SUM(O10:O16) -> 0
D18: 0 | E18: Orange | F18: 20 | G18: =D18*F18 -> 0 | H18: 1.9 | J18: =D18*H18 -> 0
F19: Total | G19: =SUM(G12:G18) -> 0 | I19: =SUM(I12:I18) -> 0 | J19: =SUM(J12:J18) -> 0

Sheet Iteration 5
D2: INSTRUCTIONS:
D3: Input information regarding your design in the blue columns. The second table (right) uses importance factors (scale 1 to 5, where 1 is low and 5 is high) to determine the most efficient design.
O7: Importance Factor | Q7: Importance Factor | S7: Importance Factor
D8: DESIGN | E8: Length of members | F8: Cost of members | G8: Number of nodes | H8: Cost of Nodes | I8: Cost of Testing | J8: Total Construction Cost | K8: Mass (g) | L8: Displacement [cm] | N8: DESIGN | O8: Displacements [cm] | P8: 5000 | Q8: Cost [$] | R8: 2 | S8: Mass (g) | T8: 10 | U8: TOTAL
D9: 5 | E9: =G19 -> 0 | F9: =E9 -> 0 | G9: =L12+L13+(2*L14)+L15+(2*L16) -> 0 | H9: =G9*5 -> 0 | I9: =U14 -> 0 | J9: =F9+H9+I9 -> 0 | K9: =J19+O17 -> 0 | L9: 0 | N9: =D9 -> 5 | O9: =L9 -> 0 | P9: =O9*$P$8 -> 0 | Q9: =J9 -> 0 | R9: =Q9*$R$8 -> 0 | S9: =K9 -> 0 | T9: =S9*$T$8 -> 0 | U9: =P9+R9+T9 -> 0
D11: Number | E11: Member Color | F11: Length Each | G11: Total length | H11: Mass Each | J11: Mass Total | L11: Number | M11: Connector Color | N11: Mass Each | O11: Total Mass | P11: Number of Connections | R11: Times testing this model | S11: Testing Method | T11: Cost Each | U11: Total Cost
D12: 0 | E12: Black | F12: 1.5 | G12: =D12*F12 -> 0 | H12: 0.1 | J12: =D12*H12 -> 0 | L12: 0 | M12: Black | N12: 0.9 | O12: =L12*N12 -> 0 | P12: 1 | R12: 0 | S12: Mastan | T12: 1 | U12: =R12*T12 -> 0
D13: 0 | E13: Yellow | F13: 2.5 | G13: =D13*F13 -> 0 | H13: 0.3 | J13: =D13*H13 -> 0 | L13: 0 | M13: Yellow | N13: 0.5 | O13: =L13*N13 -> 0 | P13: 1 | R13: 0 | S13: Physical | T13: 1000 | U13: =R13*T13 -> 0
D14: 0 | E14: Gray | F14: 6.5 | G14: =D14*F14 -> 0 | H14: 0.5 | J14: =D14*H14 -> 0 | L14: 0 | M14: Gray | N14: 1.7 | O14: =L14*N14 -> 0 | P14: 2 | U14: =U12+U13 -> 0
D15: 0 | E15: Red | F15: 6.5 | G15: =D15*F15 -> 0 | H15: 0.7 | J15: =D15*H15 -> 0 | L15: 0 | M15: Red | N15: 0.8 | O15: =L15*N15 -> 0 | P15: 1
D16: 0 | E16: Purple | F16: 9.5 | G16: =D16*F16 -> 0 | H16: 0.9 | J16: =D16*H16 -> 0 | L16: 0 | M16: Blue | N16: 1.3 | O16: =L16*N16 -> 0 | P16: 2
D17: 0 | E17: Blue | F17: 13.5 | G17: =D17*F17 -> 0 | H17: 1.3 | J17: =D17*H17 -> 0 | N17: Total | O17: =SUM(O10:O16) -> 0
D18: 0 | E18: Orange | F18: 20 | G18: =D18*F18 -> 0 | H18: 1.9 | J18: =D18*H18 -> 0
F19: Total | G19: =SUM(G12:G18) -> 0 | I19: =SUM(I12:I18) -> 0 | J19: =SUM(J12:J18) -> 0

Sheet Iteration 6
D2: INSTRUCTIONS:
D3: Input information regarding your design in the blue columns. The second table (right) uses importance factors (scale 1 to 5, where 1 is low and 5 is high) to determine the most efficient design.
O7: Importance Factor | Q7: Importance Factor | S7: Importance Factor
D8: DESIGN | E8: Length of members | F8: Cost of members | G8: Number of nodes | H8: Cost of Nodes | I8: Cost of Testing | J8: Total Construction Cost | K8: Mass (g) | L8: Displacement [cm] | N8: DESIGN | O8: Displacements [cm] | P8: 5000 | Q8: Cost [$] | R8: 2 | S8: Mass (g) | T8: 10 | U8: TOTAL
D9: 6 | E9: =G19 -> 0 | F9: =E9 -> 0 | G9: =L12+L13+(2*L14)+L15+(2*L16) -> 0 | H9: =G9*5 -> 0 | I9: =U14 -> 0 | J9: =F9+H9+I9 -> 0 | K9: =J19+O17 -> 0 | L9: 0 | N9: =D9 -> 6 | O9: =L9 -> 0 | P9: =O9*$P$8 -> 0 | Q9: =J9 -> 0 | R9: =Q9*$R$8 -> 0 | S9: =K9 -> 0 | T9: =S9*$T$8 -> 0 | U9: =P9+R9+T9 -> 0
D11: Number | E11: Member Color | F11: Length Each | G11: Total length | H11: Mass Each | J11: Mass Total | L11: Number | M11: Connector Color | N11: Mass Each | O11: Total Mass | P11: Number of Connections | R11: Times testing this model | S11: Testing Method | T11: Cost Each | U11: Total Cost
D12: 0 | E12: Black | F12: 1.5 | G12: =D12*F12 -> 0 | H12: 0.1 | J12: =D12*H12 -> 0 | L12: 0 | M12: Black | N12: 0.9 | O12: =L12*N12 -> 0 | P12: 1 | R12: 0 | S12: Mastan | T12: 1 | U12: =R12*T12 -> 0
D13: 0 | E13: Yellow | F13: 2.5 | G13: =D13*F13 -> 0 | H13: 0.3 | J13: =D13*H13 -> 0 | L13: 0 | M13: Yellow | N13: 0.5 | O13: =L13*N13 -> 0 | P13: 1 | R13: 0 | S13: Physical | T13: 1000 | U13: =R13*T13 -> 0
D14: 0 | E14: Gray | F14: 6.5 | G14: =D14*F14 -> 0 | H14: 0.5 | J14: =D14*H14 -> 0 | L14: 0 | M14: Gray | N14: 1.7 | O14: =L14*N14 -> 0 | P14: 2 | U14: =U12+U13 -> 0
D15: 0 | E15: Red | F15: 6.5 | G15: =D15*F15 -> 0 | H15: 0.7 | J15: =D15*H15 -> 0 | L15: 0 | M15: Red | N15: 0.8 | O15: =L15*N15 -> 0 | P15: 1
D16: 0 | E16: Purple | F16: 9.5 | G16: =D16*F16 -> 0 | H16: 0.9 | J16: =D16*H16 -> 0 | L16: 0 | M16: Blue | N16: 1.3 | O16: =L16*N16 -> 0 | P16: 2
D17: 0 | E17: Blue | F17: 13.5 | G17: =D17*F17 -> 0 | H17: 1.3 | J17: =D17*H17 -> 0 | N17: Total | O17: =SUM(O10:O16) -> 0
D18: 0 | E18: Orange | F18: 20 | G18: =D18*F18 -> 0 | H18: 1.9 | J18: =D18*H18 -> 0
F19: Total | G19: =SUM(G12:G18) -> 0 | I19: =SUM(I12:I18) -> 0 | J19: =SUM(J12:J18) -> 0

Sheet Iteration 7
D2: INSTRUCTIONS:
D3: Input information regarding your design in the blue columns. The second table (right) uses importance factors (scale 1 to 5, where 1 is low and 5 is high) to determine the most efficient design.
O7: Importance Factor | Q7: Importance Factor | S7: Importance Factor
D8: DESIGN | E8: Length of members | F8: Cost of members | G8: Number of nodes | H8: Cost of Nodes | I8: Cost of Testing | J8: Total Construction Cost | K8: Mass (g) | L8: Displacement [cm] | N8: DESIGN | O8: Displacements [cm] | P8: 5000 | Q8: Cost [$] | R8: 2 | S8: Mass (g) | T8: 10 | U8: TOTAL
D9: 7 | E9: =G19 -> 0 | F9: =E9 -> 0 | G9: =L12+L13+(2*L14)+L15+(2*L16) -> 0 | H9: =G9*5 -> 0 | I9: =U14 -> 0 | J9: =F9+H9+I9 -> 0 | K9: =J19+O17 -> 0 | L9: 0 | N9: =D9 -> 7 | O9: =L9 -> 0 | P9: =O9*$P$8 -> 0 | Q9: =J9 -> 0 | R9: =Q9*$R$8 -> 0 | S9: =K9 -> 0 | T9: =S9*$T$8 -> 0 | U9: =P9+R9+T9 -> 0
D11: Number | E11: Member Color | F11: Length Each | G11: Total length | H11: Mass Each | J11: Mass Total | L11: Number | M11: Connector Color | N11: Mass Each | O11: Total Mass | P11: Number of Connections | R11: Times testing this model | S11: Testing Method | T11: Cost Each | U11: Total Cost
D12: 0 | E12: Black | F12: 1.5 | G12: =D12*F12 -> 0 | H12: 0.1 | J12: =D12*H12 -> 0 | L12: 0 | M12: Black | N12: 0.9 | O12: =L12*N12 -> 0 | P12: 1 | R12: 0 | S12: Mastan | T12: 1 | U12: =R12*T12 -> 0
D13: 0 | E13: Yellow | F13: 2.5 | G13: =D13*F13 -> 0 | H13: 0.3 | J13: =D13*H13 -> 0 | L13: 0 | M13: Yellow | N13: 0.5 | O13: =L13*N13 -> 0 | P13: 1 | R13: 0 | S13: Physical | T13: 1000 | U13: =R13*T13 -> 0
D14: 0 | E14: Gray | F14: 6.5 | G14: =D14*F14 -> 0 | H14: 0.5 | J14: =D14*H14 -> 0 | L14: 0 | M14: Gray | N14: 1.7 | O14: =L14*N14 -> 0 | P14: 2 | U14: =U12+U13 -> 0
D15: 0 | E15: Red | F15: 6.5 | G15: =D15*F15 -> 0 | H15: 0.7 | J15: =D15*H15 -> 0 | L15: 0 | M15: Red | N15: 0.8 | O15: =L15*N15 -> 0 | P15: 1
D16: 0 | E16: Purple | F16: 9.5 | G16: =D16*F16 -> 0 | H16: 0.9 | J16: =D16*H16 -> 0 | L16: 0 | M16: Blue | N16: 1.3 | O16: =L16*N16 -> 0 | P16: 2
D17: 0 | E17: Blue | F17: 13.5 | G17: =D17*F17 -> 0 | H17: 1.3 | J17: =D17*H17 -> 0 | N17: Total | O17: =SUM(O10:O16) -> 0
D18: 0 | E18: Orange | F18: 20 | G18: =D18*F18 -> 0 | H18: 1.9 | J18: =D18*H18 -> 0
F19: Total | G19: =SUM(G12:G18) -> 0 | I19: =SUM(I12:I18) -> 0 | J19: =SUM(J12:J18) -> 0

Sheet Iteration 8
D2: INSTRUCTIONS:
D3: Input information regarding your design in the blue columns. The second table (right) uses importance factors (scale 1 to 5, where 1 is low and 5 is high) to determine the most efficient design.
O7: Importance Factor | Q7: Importance Factor | S7: Importance Factor
D8: DESIGN | E8: Length of members | F8: Cost of members | G8: Number of nodes | H8: Cost of Nodes | I8: Cost of Testing | J8: Total Construction Cost | K8: Mass (g) | L8: Displacement [cm] | N8: DESIGN | O8: Displacements [cm] | P8: 5000 | Q8: Cost [$] | R8: 2 | S8: Mass (g) | T8: 10 | U8: TOTAL
D9: 8 | E9: =G19 -> 0 | F9: =E9 -> 0 | G9: =L12+L13+(2*L14)+L15+(2*L16) -> 0 | H9: =G9*5 -> 0 | I9: =U14 -> 0 | J9: =F9+H9+I9 -> 0 | K9: =J19+O17 -> 0 | L9: 0 | N9: =D9 -> 8 | O9: =L9 -> 0 | P9: =O9*$P$8 -> 0 | Q9: =J9 -> 0 | R9: =Q9*$R$8 -> 0 | S9: =K9 -> 0 | T9: =S9*$T$8 -> 0 | U9: =P9+R9+T9 -> 0
D11: Number | E11: Member Color | F11: Length Each | G11: Total length | H11: Mass Each | J11: Mass Total | L11: Number | M11: Connector Color | N11: Mass Each | O11: Total Mass | P11: Number of Connections | R11: Times testing this model | S11: Testing Method | T11: Cost Each | U11: Total Cost
D12: 0 | E12: Black | F12: 1.5 | G12: =D12*F12 -> 0 | H12: 0.1 | J12: =D12*H12 -> 0 | L12: 0 | M12: Black | N12: 0.9 | O12: =L12*N12 -> 0 | P12: 1 | R12: 0 | S12: Mastan | T12: 1 | U12: =R12*T12 -> 0
D13: 0 | E13: Yellow | F13: 2.5 | G13: =D13*F13 -> 0 | H13: 0.3 | J13: =D13*H13 -> 0 | L13: 0 | M13: Yellow | N13: 0.5 | O13: =L13*N13 -> 0 | P13: 1 | R13: 0 | S13: Physical | T13: 1000 | U13: =R13*T13 -> 0
D14: 0 | E14: Gray | F14: 6.5 | G14: =D14*F14 -> 0 | H14: 0.5 | J14: =D14*H14 -> 0 | L14: 0 | M14: Gray | N14: 1.7 | O14: =L14*N14 -> 0 | P14: 2 | U14: =U12+U13 -> 0
D15: 0 | E15: Red | F15: 6.5 | G15: =D15*F15 -> 0 | H15: 0.7 | J15: =D15*H15 -> 0 | L15: 0 | M15: Red | N15: 0.8 | O15: =L15*N15 -> 0 | P15: 1
D16: 0 | E16: Purple | F16: 9.5 | G16: =D16*F16 -> 0 | H16: 0.9 | J16: =D16*H16 -> 0 | L16: 0 | M16: Blue | N16: 1.3 | O16: =L16*N16 -> 0 | P16: 2
D17: 0 | E17: Blue | F17: 13.5 | G17: =D17*F17 -> 0 | H17: 1.3 | J17: =D17*H17 -> 0 | N17: Total | O17: =SUM(O10:O16) -> 0
D18: 0 | E18: Orange | F18: 20 | G18: =D18*F18 -> 0 | H18: 1.9 | J18: =D18*H18 -> 0
F19: Total | G19: =SUM(G12:G18) -> 0 | I19: =SUM(I12:I18) -> 0 | J19: =SUM(J12:J18) -> 0

Sheet Iteration 9
D2: INSTRUCTIONS:
D3: Input information regarding your design in the blue columns. The second table (right) uses importance factors (scale 1 to 5, where 1 is low and 5 is high) to determine the most efficient design.
O7: Importance Factor | Q7: Importance Factor | S7: Importance Factor
D8: DESIGN | E8: Length of members | F8: Cost of members | G8: Number of nodes | H8: Cost of Nodes | I8: Cost of Testing | J8: Total Construction Cost | K8: Mass (g) | L8: Displacement [cm] | N8: DESIGN | O8: Displacements [cm] | P8: 5000 | Q8: Cost [$] | R8: 2 | S8: Mass (g) | T8: 10 | U8: TOTAL
D9: 9 | E9: =G19 -> 0 | F9: =E9 -> 0 | G9: =L12+L13+(2*L14)+L15+(2*L16) -> 0 | H9: =G9*5 -> 0 | I9: =U14 -> 0 | J9: =F9+H9+I9 -> 0 | K9: =J19+O17 -> 0 | L9: 0 | N9: =D9 -> 9 | O9: =L9 -> 0 | P9: =O9*$P$8 -> 0 | Q9: =J9 -> 0 | R9: =Q9*$R$8 -> 0 | S9: =K9 -> 0 | T9: =S9*$T$8 -> 0 | U9: =P9+R9+T9 -> 0
D11: Number | E11: Member Color | F11: Length Each | G11: Total length | H11: Mass Each | J11: Mass Total | L11: Number | M11: Connector Color | N11: Mass Each | O11: Total Mass | P11: Number of Connections | R11: Times testing this model | S11: Testing Method | T11: Cost Each | U11: Total Cost
D12: 0 | E12: Black | F12: 1.5 | G12: =D12*F12 -> 0 | H12: 0.1 | J12: =D12*H12 -> 0 | L12: 0 | M12: Black | N12: 0.9 | O12: =L12*N12 -> 0 | P12: 1 | R12: 0 | S12: Mastan | T12: 1 | U12: =R12*T12 -> 0
D13: 0 | E13: Yellow | F13: 2.5 | G13: =D13*F13 -> 0 | H13: 0.3 | J13: =D13*H13 -> 0 | L13: 0 | M13: Yellow | N13: 0.5 | O13: =L13*N13 -> 0 | P13: 1 | R13: 0 | S13: Physical | T13: 1000 | U13: =R13*T13 -> 0
D14: 0 | E14: Gray | F14: 6.5 | G14: =D14*F14 -> 0 | H14: 0.5 | J14: =D14*H14 -> 0 | L14: 0 | M14: Gray | N14: 1.7 | O14: =L14*N14 -> 0 | P14: 2 | U14: =U12+U13 -> 0
D15: 0 | E15: Red | F15: 6.5 | G15: =D15*F15 -> 0 | H15: 0.7 | J15: =D15*H15 -> 0 | L15: 0 | M15: Red | N15: 0.8 | O15: =L15*N15 -> 0 | P15: 1
D16: 0 | E16: Purple | F16: 9.5 | G16: =D16*F16 -> 0 | H16: 0.9 | J16: =D16*H16 -> 0 | L16: 0 | M16: Blue | N16: 1.3 | O16: =L16*N16 -> 0 | P16: 2
D17: 0 | E17: Blue | F17: 13.5 | G17: =D17*F17 -> 0 | H17: 1.3 | J17: =D17*H17 -> 0 | N17: Total | O17: =SUM(O10:O16) -> 0
D18: 0 | E18: Orange | F18: 20 | G18: =D18*F18 -> 0 | H18: 1.9 | J18: =D18*H18 -> 0
F19: Total | G19: =SUM(G12:G18) -> 0 | I19: =SUM(I12:I18) -> 0 | J19: =SUM(J12:J18) -> 0

Sheet Iteration 10
D2: INSTRUCTIONS:
D3: Input information regarding your design in the blue columns. The second table (right) uses importance factors (scale 1 to 5, where 1 is low and 5 is high) to determine the most efficient design.
O7: Importance Factor | Q7: Importance Factor | S7: Importance Factor
D8: DESIGN | E8: Length of members | F8: Cost of members | G8: Number of nodes | H8: Cost of Nodes | I8: Cost of Testing | J8: Total Construction Cost | K8: Mass (g) | L8: Displacement [cm] | N8: DESIGN | O8: Displacements [cm] | P8: 5000 | Q8: Cost [$] | R8: 2 | S8: Mass (g) | T8: 10 | U8: TOTAL
D9: 10 | E9: =G19 -> 0 | F9: =E9 -> 0 | G9: =L12+L13+(2*L14)+L15+(2*L16) -> 0 | H9: =G9*5 -> 0 | I9: =U14 -> 0 | J9: =F9+H9+I9 -> 0 | K9: =J19+O17 -> 0 | L9: 0 | N9: =D9 -> 10 | O9: =L9 -> 0 | P9: =O9*$P$8 -> 0 | Q9: =J9 -> 0 | R9: =Q9*$R$8 -> 0 | S9: =K9 -> 0 | T9: =S9*$T$8 -> 0 | U9: =P9+R9+T9 -> 0
D11: Number | E11: Member Color | F11: Length Each | G11: Total length | H11: Mass Each | J11: Mass Total | L11: Number | M11: Connector Color | N11: Mass Each | O11: Total Mass | P11: Number of Connections | R11: Times testing this model | S11: Testing Method | T11: Cost Each | U11: Total Cost
D12: 0 | E12: Black | F12: 1.5 | G12: =D12*F12 -> 0 | H12: 0.1 | J12: =D12*H12 -> 0 | L12: 0 | M12: Black | N12: 0.9 | O12: =L12*N12 -> 0 | P12: 1 | R12: 0 | S12: Mastan | T12: 1 | U12: =R12*T12 -> 0
D13: 0 | E13: Yellow | F13: 2.5 | G13: =D13*F13 -> 0 | H13: 0.3 | J13: =D13*H13 -> 0 | L13: 0 | M13: Yellow | N13: 0.5 | O13: =L13*N13 -> 0 | P13: 1 | R13: 0 | S13: Physical | T13: 1000 | U13: =R13*T13 -> 0
D14: 0 | E14: Gray | F14: 6.5 | G14: =D14*F14 -> 0 | H14: 0.5 | J14: =D14*H14 -> 0 | L14: 0 | M14: Gray | N14: 1.7 | O14: =L14*N14 -> 0 | P14: 2 | U14: =U12+U13 -> 0
D15: 0 | E15: Red | F15: 6.5 | G15: =D15*F15 -> 0 | H15: 0.7 | J15: =D15*H15 -> 0 | L15: 0 | M15: Red | N15: 0.8 | O15: =L15*N15 -> 0 | P15: 1
D16: 0 | E16: Purple | F16: 9.5 | G16: =D16*F16 -> 0 | H16: 0.9 | J16: =D16*H16 -> 0 | L16: 0 | M16: Blue | N16: 1.3 | O16: =L16*N16 -> 0 | P16: 2
D17: 0 | E17: Blue | F17: 13.5 | G17: =D17*F17 -> 0 | H17: 1.3 | J17: =D17*H17 -> 0 | N17: Total | O17: =SUM(O10:O16) -> 0
D18: 0 | E18: Orange | F18: 20 | G18: =D18*F18 -> 0 | H18: 1.9 | J18: =D18*H18 -> 0
F19: Total | G19: =SUM(G12:G18) -> 0 | I19: =SUM(I12:I18) -> 0 | J19: =SUM(J12:J18) -> 0
